CentroidID,cntHauls_2003_2019
32001837,1
32001839,1
32011821,1
32011823,1
32011824,1
32011846,1
32011853,1
32021835,1
32041829,1
32041833,2
32051815,1
32051820,1
32051843,2
32061838,1
32061842,1
32071815,1
32081836,1
32141857,1
32161900,2
32161904,1
32161939,1
32171814,1
32181801,1
32181807,1
32181904,1
32191849,1
32191851,1
32191853,1
32191855,1
32201856,1
32201902,1
32201939,2
32201941,1
32221833,1
32231949,1
32231953,1
32251824,1
32261831,1
32261833,1
32261836,1
32271825,2
32281827,2
32281829,1
32281832,2
32281836,1
32301827,1
32321837,1
32331841,1
32341719,3
32341837,1
32341939,1
32341941,1
32351720,3
32351722,1
32351823,1
32351848,1
32351952,2
32361718,1
32361826,1
32361837,1
32361839,1
32361938,1
32361939,2
32371720,1
32371722,2
32371724,1
32371725,2
32371821,1
32371824,1
32371842,1
32371946,1
32371952,1
32371953,1
32381718,3
32381826,2
32381838,1
32381943,1
32391722,1
32391723,2
32391725,3
32391729,2
32391842,1
32391847,1
32391950,1
32391955,1
32401720,3
32401745,2
32401826,1
32401939,1
32402000,1
32402008,2
32411721,1
32411723,1
32411725,1
32411727,2
32411746,5
32411748,1
32411750,2
32411820,1
32411824,2
32411844,1
32411946,1
32421718,4
32421719,2
32421744,1
32421802,1
32421806,1
32421826,3
32421833,1
32421840,1
32422002,1
32431721,2
32431723,1
32431725,2
32431727,1
32431748,3
32431750,1
32431752,1
32431818,1
32431822,1
32431824,3
32431957,1
32441717,1
32441719,4
32441802,1
32441811,1
32441825,2
32441831,1
32441834,1
32441840,1
32442004,2
32442005,2
32451721,1
32451726,1
32451746,1
32451750,2
32451751,1
32451753,1
32451755,1
32451823,1
32451958,1
32461719,2
32461800,1
32461804,2
32461806,1
32461807,1
32461831,3
32461832,2
32461836,1
32462002,1
32462004,1
32462005,1
32462007,3
32462011,1
32471721,2
32471723,1
32471726,1
32471730,1
32471746,1
32471751,2
32471946,1
32471951,1
32471953,1
32471954,1
32471956,1
32471958,1
32481733,1
32481832,1
32481938,1
32482005,2
32482007,1
32482009,1
32482010,1
32482014,1
32482018,1
32491722,2
32491724,1
32491747,1
32491751,2
32491816,1
32491947,1
32491960,1
32501802,1
32501807,1
32501834,2
32501836,1
32502007,1
32502017,1
32511720,4
32511722,4
32511724,2
32511731,1
32511747,1
32511749,1
32511752,1
32511754,1
32511812,2
32511954,1
32521718,3
32521733,1
32521807,1
32521808,1
32521810,1
32521835,2
32522005,1
32531722,2
32531724,3
32531747,2
32531750,1
32531752,1
32531756,1
32531812,1
32531949,1
32541718,6
32541758,1
32541801,1
32541805,1
32541837,3
32542001,1
32542003,1
32542014,1
32551720,2
32551722,1
32551725,1
32551745,1
32551750,1
32551812,2
32551819,1
32551840,1
32551842,2
32561718,2
32561734,1
32561736,1
32561738,2
32561739,2
32562003,1
32562015,1
32571720,2
32571721,2
32571727,1
32571752,1
32571817,1
32571840,1
32571842,1
32581734,1
32581736,1
32581806,1
32582004,1
32582013,1
32591719,2
32591721,1
32591723,2
32591744,1
32591820,1
32591842,1
32592022,1
32601801,1
32602001,1
32602008,1
33001739,2
33001741,1
33001742,1
33001804,1
33002010,1
33002015,1
33011721,2
33011723,3
33011724,2
33011751,1
33011755,2
33011757,1
33011811,2
33012022,1
33012026,1
33021735,1
33021742,1
33021807,1
33022000,1
33022008,1
33022011,1
33022013,2
33022015,1
33031722,4
33031724,2
33031726,2
33031730,1
33031749,2
33031755,1
33031813,1
33031815,1
33031822,1
33031841,2
33041735,1
33041805,1
33041827,1
33042002,1
33042004,1
33042006,1
33042011,2
33051720,1
33051724,1
33051726,3
33051728,1
33051729,1
33051756,1
33051814,1
33051823,1
33051839,3
33051841,2
33051843,3
33051847,1
33051848,1
33061740,1
33061805,1
33062004,1
33062011,2
33062013,1
33062016,1
33071722,1
33071724,2
33071726,1
33071727,1
33071747,1
33071754,1
33071756,1
33071821,1
33071841,2
33071846,1
33071956,1
33072020,1
33081801,1
33081805,1
33081830,1
33082009,2
33091724,3
33091725,4
33091729,1
33091745,1
33091747,1
33091812,1
33091821,1
33091839,1
33091844,1
33091958,1
33092018,1
33092021,4
33092023,1
33092029,1
33101731,2
33101732,2
33101738,2
33101758,2
33101759,1
33101801,1
33101807,1
33101828,2
33102005,1
33102016,1
33111730,1
33111745,1
33111749,1
33111752,2
33111756,1
33111814,1
33111819,1
33111842,1
33112018,1
33112028,1
33121739,1
33121743,1
33121757,1
33121759,1
33121824,1
33121830,1
33121960,1
33122003,1
33131730,2
33131755,1
33131814,1
33131815,2
33131817,1
33131819,1
33131844,1
33131954,1
33132019,2
33132030,2
33141732,3
33141734,2
33141759,1
33141806,1
33141810,1
33142008,1
33151813,2
33151819,1
33151820,1
33151822,2
33152025,1
33152026,1
33152032,1
33161732,2
33161734,3
33161735,1
33161737,1
33161743,1
33161801,1
33161802,3
33161808,1
33162012,1
33171746,1
33171750,1
33171751,1
33171811,3
33171813,4
33171815,1
33171817,2
33171818,1
33171820,3
33171822,2
33171956,2
33171957,1
33172019,1
33181733,1
33181735,1
33181737,3
33181739,2
33181742,1
33181806,1
33181824,1
33181827,3
33181829,1
33182008,1
33191748,1
33191749,1
33191813,2
33191816,2
33192026,1
33201737,1
33201738,3
33201740,1
33201757,1
33201802,1
33201806,1
33201809,2
33201833,2
33201836,1
33201959,1
33202010,1
33202013,1
33211751,1
33211816,2
33211818,1
33212021,1
33212026,1
33212035,1
33221738,7
33221740,2
33221756,3
33221758,1
33221760,2
33221807,1
33221831,2
33222002,1
33222004,1
33222008,3
33222010,2
33231744,1
33231749,1
33231751,1
33231811,1
33231816,1
33231820,2
33231841,1
33232024,1
33232029,1
33241742,2
33241756,2
33241758,2
33241803,1
33241807,1
33241809,1
33241830,3
33241832,5
33242001,1
33242009,1
33242011,1
33242013,1
33242015,1
33251745,1
33251749,2
33251810,1
33251816,2
33251818,2
33251821,1
33251841,1
33251843,1
33251957,1
33252035,1
33261758,3
33261760,1
33261801,1
33261803,1
33261825,1
33261836,5
33261837,1
33262000,1
33262016,1
33271745,2
33271750,1
33271756,1
33271810,1
33271812,1
33271957,2
33272025,2
33272034,1
33272036,1
33281758,1
33281801,3
33281803,2
33281805,2
33281806,2
33281825,2
33281830,1
33281837,3
33282002,1
33282013,1
33291747,2
33291754,2
33291817,1
33291841,3
33291843,4
33291955,2
33292020,1
33301757,1
33301759,1
33301801,2
33301803,4
33301804,1
33301806,5
33301808,1
33301830,3
33301833,3
33301835,1
33301837,1
33302004,1
33311752,3
33311810,1
33311812,1
33311839,2
33311841,1
33311842,4
33311844,2
33311846,3
33311850,2
33311954,2
33312022,3
33312031,1
33321759,3
33321801,2
33321802,1
33321804,2
33321806,3
33321808,2
33321831,1
33321835,1
33321837,3
33322012,2
33331752,3
33331753,3
33331755,1
33331810,1
33331811,1
33331813,2
33331815,1
33331839,2
33331840,3
33331842,2
33331844,1
33331848,3
33331849,3
33331951,1
33331954,2
33341759,3
33341800,1
33341802,4
33341804,2
33341806,1
33341831,1
33341837,1
33341960,1
33342003,2
33342014,1
33351809,2
33351811,2
33351815,2
33351817,1
33351818,1
33351822,1
33351838,1
33351840,1
33351842,1
33351849,1
33351945,1
33351949,3
33351951,3
33352030,2
33361824,1
33361826,1
33361827,2
33361833,2
33362003,1
33371849,1
33371949,1
33371950,2
33371952,2
33371954,1
33371956,2
33372030,1
33372032,1
33381831,1
33381959,4
33382012,1
33382014,1
33382016,1
33382037,1
33391820,1
33391838,1
33391840,1
33391842,1
33391843,1
33391847,1
33391950,3
33391954,4
33391957,1
33392030,1
33392034,2
33401832,1
33401836,1
33401959,4
33402003,1
33402008,1
33411838,1
33411840,1
33411841,2
33411945,1
33411946,1
33411950,1
33411952,1
33411954,1
33411955,1
33412028,1
33412035,2
33421832,1
33422013,1
33422015,1
33431839,1
33431845,1
33431847,1
33431948,3
33431952,1
33431954,2
33431955,2
33431957,2
33432021,1
33432030,1
33441832,1
33441959,1
33442001,1
33442006,1
33442012,1
33442015,2
33451837,1
33451843,1
33451846,1
33451946,1
33451950,2
33451953,5
33451955,2
33451957,1
33461826,4
33461828,4
33461834,1
33461835,1
33461837,1
33461959,4
33462001,1
33462002,2
33462004,1
33462011,1
33471843,1
33471844,1
33471950,6
33471953,4
33471955,1
33471957,1
33472017,1
33472019,1
33481826,3
33481828,2
33481832,2
33481837,1
33481959,5
33482000,1
33482002,2
33482006,3
33482008,1
33482009,2
33482011,1
33482015,1
33491842,2
33491848,2
33491951,2
33491953,3
33491957,3
33501826,2
33501828,4
33501831,2
33501833,2
33501835,2
33501837,1
33501958,2
33502002,1
33502004,2
33502006,1
33502007,1
33502011,1
33502013,2
33502015,2
33511844,1
33511953,2
33512022,1
33512024,2
33521829,2
33521831,2
33521902,1
33521924,1
33521927,1
33522000,3
33522004,2
33522005,1
33522011,1
33522013,2
33522014,3
33531838,2
33531842,1
33531847,1
33531915,1
33531954,3
33531956,2
33531958,1
33532018,3
33532020,1
33541831,2
33541833,1
33541835,2
33541836,4
33541853,1
33541855,1
33541902,2
33541938,1
33541940,1
33542014,4
33542016,1
33551838,3
33551842,3
33551844,2
33551849,1
33551851,1
33551909,1
33551918,1
33551923,2
33551945,1
33551947,1
33551956,3
33552020,2
33552022,2
33552023,3
33552025,3
33552027,2
33552032,1
33561834,1
33561860,1
33561903,2
33561907,1
33561925,1
33561938,1
33561940,4
33562014,2
33562016,1
33571838,4
33571840,1
33571842,1
33571843,2
33571845,2
33571911,1
33571912,3
33571918,1
33571920,1
33571923,1
33571942,1
33571943,1
33571947,1
33571956,2
33572018,3
33572020,2
33572021,1
33572027,2
33572029,1
33572030,2
33581834,4
33581836,1
33581905,1
33581907,1
33581932,1
33581934,5
33581936,2
33582016,2
33591838,2
33591840,3
33591841,2
33591843,4
33591845,2
33591910,1
33591912,1
33591921,1
33591954,3
33592018,1
33592023,2
33592025,4
33592027,3
33592028,1
33592030,1
33601854,2
33601856,1
33601858,2
33601859,4
34001901,2
34011908,1
34011910,1
34011912,1
34011916,1
34011921,1
34012028,2
34012030,1
34012032,1
34012034,4
34021859,1
34021901,5
34021903,1
34021906,1
34021928,2
34021930,1
34021937,1
34021939,1
34022037,1
34022043,1
34031908,2
34031919,1
34031921,3
34031941,2
34041905,1
34041906,3
34041928,2
34041932,2
34041937,1
34041939,2
34042010,3
34042012,1
34042014,2
34042046,1
34042050,1
34051914,4
34051915,1
34051921,1
34051923,1
34051943,2
34051944,1
34051950,1
34051954,1
34051955,1
34052017,3
34061928,1
34061930,3
34061932,1
34061937,3
34061939,1
34062001,2
34062004,1
34062006,1
34062008,1
34062010,3
34062012,1
34062013,1
34062015,1
34062053,1
34071921,1
34071922,2
34071942,3
34071944,1
34071946,1
34071948,1
34071952,1
34071953,2
34071955,2
34071957,3
34072017,2
34072026,1
34081930,3
34081931,1
34081939,1
34081959,3
34082004,2
34082006,3
34082010,2
34082011,3
34082013,2
34082015,1
34082037,1
34082050,1
34082051,1
34082057,1
34091944,1
34091946,2
34091950,1
34091953,1
34091955,1
34091957,1
34101924,4
34101926,2
34101929,3
34101931,3
34101935,2
34101940,1
34101959,1
34102000,3
34102002,2
34102004,2
34102006,2
34102008,3
34102009,1
34102013,2
34102015,3
34102037,3
34102040,1
34102049,1
34111942,1
34111944,1
34111946,1
34111948,2
34111949,2
34111951,5
34111953,2
34112026,3
34112029,3
34112033,2
34112035,1
34121926,1
34121927,2
34121929,1
34121933,4
34121935,3
34121937,1
34121938,4
34121940,2
34122006,1
34122008,1
34122011,2
34122013,1
34122015,2
34122017,2
34122055,1
34122057,1
34131942,4
34131944,3
34131946,4
34131947,5
34131949,2
34131951,2
34131953,1
34131955,2
34132018,3
34132020,1
34132024,4
34132029,2
34132031,1
34132033,3
34132102,1
34141927,1
34141931,2
34141933,1
34141935,1
34141936,1
34141938,2
34141940,4
34142002,2
34142006,1
34142011,1
34142015,2
34142016,2
34142038,1
34142044,1
34142049,1
34142051,1
34142053,1
34151942,3
34151944,2
34151945,2
34151947,1
34151949,4
34151951,2
34151953,1
34151954,1
34151956,2
34152018,1
34152020,1
34152022,1
34152024,1
34152025,2
34152027,4
34152029,3
34152031,3
34152033,3
34152035,2
34152058,1
34161929,1
34161931,2
34161933,4
34161934,3
34161936,1
34161938,2
34161940,3
34161960,1
34162005,1
34162009,1
34162011,4
34162013,2
34162014,2
34162016,2
34162038,1
34162049,1
34171942,3
34171943,1
34171945,1
34171947,3
34171949,4
34171951,2
34171953,2
34171954,1
34171956,2
34171958,1
34172018,1
34172020,3
34172024,2
34172025,1
34172027,2
34172029,1
34172033,1
34181932,1
34181936,2
34181938,1
34181940,1
34181960,2
34182002,1
34182005,1
34182007,2
34182009,1
34182011,2
34182014,2
34182016,1
34182038,2
34182045,1
34182054,1
34191941,4
34191943,3
34191945,1
34191947,1
34191951,1
34191956,2
34191958,1
34192020,3
34192022,1
34192023,2
34192025,1
34192027,3
34192029,1
34192031,1
34192032,1
34192034,4
34192036,3
34201960,3
34202007,2
34202009,2
34202011,6
34202012,1
34202014,1
34202016,1
34202038,1
34202040,1
34202042,1
34202047,1
34211945,3
34211947,1
34211949,2
34211950,3
34211952,4
34211954,1
34211956,1
34212018,1
34212020,1
34212021,1
34212023,1
34212025,2
34212027,1
34212030,2
34212032,1
34212034,2
34212036,3
34221959,2
34222001,2
34222003,1
34222005,1
34222007,3
34222010,3
34222012,3
34222014,2
34222016,2
34222038,2
34222040,2
34222041,3
34222052,2
34231947,2
34231948,1
34231950,2
34231956,4
34231957,3
34232018,3
34232021,1
34232023,2
34232025,3
34232027,1
34232029,1
34232030,4
34232032,3
34232034,2
34232036,1
34242001,3
34242003,3
34242005,2
34242008,2
34242010,1
34242012,2
34242014,2
34242016,1
34242038,1
34242041,1
34242043,2
34242052,1
34242056,1
34252017,3
34252019,2
34252021,2
34252025,4
34252032,2
34252034,1
34252036,3
34252059,1
34262001,3
34262003,3
34262006,3
34262008,1
34262012,1
34262014,2
34262015,3
34262037,2
34262039,4
34262041,3
34262047,2
34262057,1
34272032,4
34272034,2
34272035,1
34282037,1
34282041,2
34282043,2
34292035,1
34292108,1
34302037,3
34302039,1
34302041,3
34302044,4
34302048,1
34302050,3
34302054,1
34302057,1
34312103,2
34312104,1
34312106,2
34312108,1
34312112,1
34312114,1
34322039,1
34322041,3
34322046,1
34322048,2
34322050,3
34322052,1
34322053,1
34322055,1
34332101,2
34332103,1
34332106,1
34332108,1
34332110,1
34332112,1
34332115,1
34342044,3
34342048,3
34342050,1
34342051,1
34342053,2
34352104,1
34352108,2
34352110,1
34352112,1
34352117,2
34362042,1
34362046,1
34362049,1
34362051,1
34362053,3
34362055,2
34362057,4
34362122,1
34362124,2
34372102,1
34372104,2
34372106,1
34372108,1
34372115,3
34372117,1
34382044,1
34382046,2
34382048,1
34382049,1
34382051,1
34382053,2
34382122,3
34382124,1
34382126,2
34392058,1
34392104,1
34392109,1
34392111,1
34392113,1
34392115,1
34392119,2
34392120,2
34402044,2
34402046,2
34402047,3
34402049,2
34402051,1
34402053,2
34402055,1
34402057,1
34402126,2
34412058,3
34412100,1
34412106,1
34412109,2
34412111,1
34412113,1
34412115,2
34412117,2
34422044,1
34422045,2
34422049,2
34422051,1
34422053,3
34422055,1
34432058,2
34432100,2
34432104,2
34432109,1
34432111,2
34432113,2
34432116,2
34442043,3
34442047,2
34442049,2
34442051,1
34442053,2
34442054,1
34442056,1
34442058,1
34442124,1
34452105,1
34452109,1
34452113,1
34452115,3
34452118,1
34452120,1
34462043,1
34462045,1
34462047,2
34462052,1
34462054,2
34462056,2
34462122,1
34462124,3
34472105,3
34472109,2
34472113,1
34472114,1
34482043,2
34482045,2
34482047,3
34482049,3
34482052,1
34482054,1
34482056,2
34482058,2
34482122,2
34492060,2
34492101,1
34492103,2
34492105,1
34492107,1
34492111,2
34492112,1
34492114,1
34492116,2
34492118,2
34492120,2
34502043,2
34502045,1
34502050,2
34502052,3
34502054,3
34502056,1
34512059,1
34512101,1
34512103,2
34512105,1
34512107,2
34512109,4
34512112,1
34512114,1
34512118,3
34522047,1
34522048,1
34522050,1
34522056,1
34522058,2
34532059,2
34532101,2
34532105,1
34532107,1
34532109,2
34532112,2
34532116,1
34532118,3
34542045,4
34542048,3
34542050,1
34542052,2
34542056,2
34542057,3
34552059,1
34552101,3
34552103,2
34552105,3
34552108,1
34552116,1
34562044,1
34562048,4
34562050,3
34562054,5
34572059,2
34572101,1
34572103,1
34572105,3
34572108,1
34572110,2
34572112,1
34572114,1
34582044,1
34582046,3
34582052,1
34582053,1
34582057,2
34582136,1
34592059,4
34592101,1
34592103,1
34592104,1
34592106,2
34592121,2
34602044,1
34602046,1
34602048,1
34602125,1
34602128,1
34602134,3
35002050,1
35002053,2
35002055,2
35002057,1
35012102,4
35012104,4
35012106,2
35012108,2
35012110,2
35012112,2
35012113,1
35012115,1
35012117,2
35012119,1
35012121,2
35022044,2
35022051,2
35022053,1
35022055,1
35022057,2
35022126,1
35022128,1
35022130,1
35022134,2
35022135,1
35032101,1
35032102,2
35032104,1
35032106,1
35032108,2
35032113,1
35032115,1
35032117,2
35032119,1
35042046,1
35042049,1
35042051,1
35042053,2
35042055,4
35042123,1
35042128,3
35042132,1
35052100,2
35052102,5
35052104,4
35052106,2
35052110,1
35052111,1
35052113,1
35052119,2
35052121,1
35062046,2
35062047,3
35062051,2
35062053,1
35062057,1
35062058,1
35062124,2
35062126,1
35062128,2
35062130,2
35062133,2
35062139,1
35072100,4
35072102,1
35072106,1
35072108,1
35072109,2
35072113,1
35072115,2
35072119,1
35072120,2
35082051,2
35082053,2
35082055,2
35082056,1
35082058,3
35082124,2
35082126,2
35082128,2
35082130,1
35082131,1
35082133,2
35082137,2
35092100,2
35092104,1
35092107,2
35092111,1
35092115,2
35092118,1
35092120,1
35092122,1
35102053,1
35102056,3
35102058,3
35102131,1
35102137,1
35102139,1
35102141,1
35112060,1
35112102,3
35112104,2
35112105,2
35112107,1
35112109,2
35112111,1
35112113,1
35112115,1
35112116,1
35112120,1
35112122,2
35122124,1
35122126,2
35122129,2
35122131,1
35122137,1
35122140,1
35122142,3
35132060,1
35132103,1
35132105,2
35132107,2
35132109,2
35132111,1
35132115,2
35132116,1
35132120,2
35142060,1
35142126,1
35142127,1
35142129,1
35142133,1
35142135,1
35142137,1
35142138,5
35142140,1
35142142,2
35142144,2
35152102,1
35152103,1
35152105,1
35152107,2
35152109,2
35152111,2
35152120,3
35162056,1
35162058,3
35162060,1
35162124,2
35162125,1
35162127,1
35162131,1
35162135,3
35162140,1
35162144,1
35172101,2
35172105,2
35172107,3
35172109,1
35172111,4
35172114,1
35172116,2
35172118,1
35172120,2
35172122,1
35182123,1
35182125,1
35182127,1
35182131,2
35182133,2
35182138,3
35182142,2
35182144,1
35192101,3
35192103,2
35192105,2
35192107,1
35192109,2
35192110,2
35192112,3
35192114,2
35192116,1
35202056,2
35202057,1
35202059,1
35202123,2
35202127,1
35202129,2
35202131,1
35202136,1
35202138,1
35202142,1
35212101,1
35212103,2
35212107,1
35212108,1
35212110,2
35212114,2
35212118,1
35212120,1
35212121,1
35222055,2
35222057,1
35222059,1
35222127,1
35222131,1
35222132,1
35222134,1
35222138,2
35222140,1
35222142,1
35222143,1
35222145,1
35232103,2
35232105,1
35232107,3
35232110,1
35232112,2
35232116,3
35232121,1
35232123,1
35242059,1
35242125,1
35242129,1
35242132,1
35242138,1
35252101,3
35252103,2
35252105,2
35252106,2
35252108,3
35252110,1
35252114,2
35252116,1
35252117,1
35252119,1
35252121,2
35252123,3
35262132,2
35262138,1
35272103,2
35272108,3
35272110,2
35272112,1
35272115,3
35272117,1
35272119,1
35272121,1
35282128,1
35282132,1
35282134,1
35282138,1
35282139,1
35282141,1
35282145,1
35282147,1
35282149,1
35292106,4
35292108,2
35292112,1
35292115,2
35292119,2
35292121,1
35292152,1
35302126,1
35302128,1
35302136,1
35302137,3
35302139,2
35302145,1
35302149,1
35312108,1
35312110,3
35312112,4
35312113,2
35312115,2
35312117,1
35312119,2
35312121,2
35312158,1
35322128,1
35322130,1
35322136,1
35322141,1
35322147,1
35322148,2
35332111,2
35332113,2
35332115,3
35332117,1
35332119,2
35332121,1
35332122,2
35332152,1
35332154,2
35332158,1
35342124,2
35342126,1
35342128,2
35342135,1
35342139,2
35342141,1
35342143,1
35342145,1
35342146,1
35352111,1
35352113,2
35352117,1
35352120,2
35352122,2
35352124,4
35352158,1
35362126,3
35362133,1
35362135,2
35362139,1
35362141,1
35362146,1
35362148,2
35372115,2
35372117,1
35372119,1
35372120,2
35372122,4
35372124,2
35372154,1
35372156,2
35382126,1
35382128,1
35382130,1
35382131,1
35382133,1
35382135,1
35382137,1
35382139,1
35382144,1
35382146,1
35392122,2
35392154,1
35392156,2
35392159,2
35392201,2
35402126,2
35402128,1
35402129,1
35402133,2
35402141,2
35402142,1
35402144,1
35412124,2
35412152,1
35412154,2
35412155,3
35412157,1
35412201,1
35412203,1
35422128,2
35422129,5
35422135,2
35422140,1
35422142,1
35422146,3
35422148,1
35422150,1
35432122,2
35432124,1
35432152,2
35432157,2
35432159,1
35442127,3
35442129,1
35442131,2
35442133,2
35442137,1
35442144,1
35442150,1
35452124,1
35452157,1
35452159,1
35452201,2
35462129,1
35462131,3
35462135,1
35462140,1
35472123,1
35472151,1
35472153,2
35472155,2
35472157,1
35472159,1
35472201,1
35472204,3
35472206,2
35472210,1
35482127,2
35482129,1
35482131,1
35482135,2
35482136,1
35482138,2
35482142,1
35482144,1
35482146,4
35492151,5
35492155,1
35492157,1
35492159,2
35492201,2
35502127,1
35502131,2
35502133,3
35502134,1
35502138,3
35502142,2
35502144,2
35502146,1
35512153,1
35522132,3
35522136,1
35522138,1
35522147,1
35522149,1
35522151,1
35532155,2
35542130,1
35542132,2
35542134,1
35542136,1
35542138,1
35542140,1
35542143,1
35542149,1
35542151,2
35552153,1
35552155,1
35562134,1
35562136,1
35562140,1
35562141,1
35562143,1
35562151,1
35572154,2
35572156,1
35582132,2
35582136,1
35582138,1
35582151,1
35602136,2
35602138,1
36002139,1
36002145,1
36002147,1
36002151,2
36002152,1
36012158,1
36012160,1
36022141,2
36022145,1
36022150,3
36032154,1
36032158,2
36032160,1
36042141,1
36042143,1
36042147,2
36042148,1
36042152,1
36052154,2
36052156,3
36052158,2
36062143,2
36062145,1
36062150,1
36082143,1
36082148,2
36082150,1
36092156,2
36092159,1
36092205,1
36092207,1
36092209,3
36102146,1
36102148,1
36102150,3
36112154,2
36112156,2
36112157,1
36112159,1
36112201,1
36112203,2
36112210,1
36112212,2
36112214,1
36122150,2
36122152,1
36132157,5
36132159,2
36132203,2
36132205,3
36132207,1
36132212,1
36132214,1
36142153,3
36152155,2
36152157,1
36152159,1
36152201,3
36152205,1
36152207,1
36152212,3
36152214,1
36152218,1
36172201,5
36172203,3
36172205,1
36172206,1
36172212,2
36172221,2
36192157,3
36192159,2
36192201,1
36192204,4
36192206,2
36192208,1
36192210,2
36192212,1
36192214,2
36192219,1
36212159,1
36212201,3
36212204,3
36212206,2
36212212,2
36212214,2
36212216,1
36212221,1
36232157,1
36232201,3
36232204,2
36232208,1
36232212,1
36232214,1
36232215,2
36232219,1
36232221,3
36252157,1
36252200,1
36252204,1
36252213,3
36272158,3
36272200,1
36272202,1
36292158,1
36292200,2
36292202,2
36292206,1
36292208,2
36312202,1
36312204,2
36312206,2
36312208,2
36332160,1
36332202,2
36332204,2
36352160,1
36352202,3
36372160,1
36372202,2
36392158,1
36392160,3
36402152,2
36402154,1
36402156,1
36402158,2
36412160,1
36412209,1
36412215,1
36422152,3
36422154,1
36422156,2
36442152,1
36442154,2
36442156,3
36442157,3
36452211,3
36452212,2
36452218,1
36462152,2
36462154,2
36462155,1
36472201,1
36472207,1
36472212,2
36472214,1
36482150,1
36482152,2
36482153,1
36492203,1
36492205,1
36492207,1
36492208,2
36492210,1
36492214,2
36502151,1
36502155,1
36512205,3
36512206,1
36512208,1
36512210,1
36512212,1
36512218,1
36522159,2
36532203,2
36532204,2
36532206,2
36532208,1
36532210,2
36532212,1
36532214,1
36532216,3
36532220,1
36552206,2
36552210,1
36552214,1
36552216,2
36552218,1
36552219,3
36552221,1
36552223,2
36552227,2
36552229,4
36562235,1
36562236,3
36572212,2
36572214,1
36572217,2
36572219,3
36572221,2
36572223,2
36582233,1
36582234,1
36582236,1
36582242,1
36592214,2
36592215,1
36592219,1
36592221,1
36592223,2
36592227,2
36592229,2
36592231,1
36602232,3
36602234,1
36602236,1
36602238,1
36602240,2
36602242,1
36602244,2
36602246,1
37012219,2
37012221,2
37012223,1
37012225,1
37012227,4
37012230,2
37022232,2
37022234,1
37022236,3
37022238,1
37022240,2
37022242,3
37022246,1
37022247,1
37022249,3
37032221,1
37032223,1
37032227,2
37032228,1
37032230,4
37042232,1
37042238,3
37042240,1
37042242,4
37042247,2
37042249,3
37042251,1
37042253,1
37052223,1
37052226,3
37052228,2
37052232,3
37062234,3
37062236,2
37062238,3
37062240,1
37062242,1
37062243,1
37062247,2
37062249,1
37062251,1
37062253,2
37062255,2
37072224,3
37072226,1
37072228,1
37072232,1
37082236,1
37082240,2
37082241,1
37082243,2
37082245,1
37082247,2
37082249,1
37082251,2
37082253,2
37082255,1
37092226,4
37092230,1
37102234,1
37102236,3
37102238,3
37102240,1
37102241,2
37102243,1
37102245,2
37102247,1
37102249,1
37102251,1
37102253,2
37102255,2
37112228,1
37122234,1
37122238,2
37122241,1
37122243,1
37122245,1
37122251,2
37122253,1
37122255,2
37122310,1
37132228,1
37132230,1
37132234,3
37142236,1
37142237,1
37142239,1
37142241,2
37142245,1
37142247,2
37142249,3
37142253,2
37142254,1
37152230,2
37152234,1
37162235,2
37162237,1
37162243,1
37162245,1
37162247,1
37162249,2
37162251,3
37162254,1
37162256,2
37162258,2
37162300,2
37162304,2
37162310,1
37172230,2
37172232,3
37172311,1
37182235,1
37182237,1
37182239,1
37182243,1
37182245,2
37182247,2
37182249,2
37182252,3
37182254,1
37182256,1
37182258,3
37182302,1
37182304,1
37182309,1
37182311,1
37202235,1
37202239,1
37202241,1
37202243,1
37202247,2
37202249,1
37202252,2
37202254,2
37202302,1
37202311,1
37212231,1
37222239,2
37222243,1
37222247,1
37222248,1
37222250,2
37222252,2
37222254,3
37222256,1
37222258,1
37222302,1
37222304,3
37222309,1
37232233,1
37232235,3
37242239,1
37242241,1
37242245,3
37242246,2
37242248,4
37242250,1
37242252,1
37242256,3
37242258,2
37242260,1
37242302,2
37242305,4
37242307,1
37242311,1
37242313,1
37252233,1
37262239,1
37262243,1
37262244,1
37262248,1
37262250,2
37262252,3
37262260,1
37262302,2
37262303,2
37262313,2
37272237,1
37282239,1
37282241,2
37282242,2
37282244,3
37282246,1
37282248,1
37282250,1
37282254,3
37282256,2
37282258,1
37282260,2
37282301,1
37282305,1
37282307,1
37302239,1
37302240,1
37302242,1
37302244,1
37302252,1
37302254,1
37302256,1
37302258,1
37302259,1
37322238,3
37322240,1
37322242,1
37322244,1
37322246,1
37322248,3
37322252,1
37322254,1
37322257,1
37322259,2
37322301,1
37342242,1
37342244,3
37342248,1
37342250,2
37342252,1
37342257,1
37362246,1
37362250,1
37382248,1
37382250,4
37402250,1
37422255,1
37422307,1
37442255,1
37442259,2
37442305,2
37442306,1
37442308,2
37442310,1
37442312,1
37462251,2
37462253,1
37462255,1
37462259,3
37462301,1
37462310,1
37462314,1
37462316,1
37482251,1
37482253,1
37482257,1
37482259,1
37482301,1
37482303,1
37482308,2
37482318,1
37482320,2
37502251,1
37502253,1
37502255,1
37502257,1
37502259,2
37502301,1
37502302,2
37502304,2
37502306,1
37502308,1
37502310,2
37502312,2
37502314,2
37502316,4
37502318,1
37522253,1
37522257,2
37522259,2
37522300,2
37522302,1
37522304,2
37522306,2
37522308,3
37522310,2
37522312,1
37522314,3
37522318,1
37532321,2
37532325,2
37542255,1
37542257,2
37542258,1
37542300,2
37542302,1
37542304,2
37542306,2
37542310,1
37542312,1
37542314,1
37542316,1
37542321,2
37552325,1
37562255,1
37562256,5
37562304,1
37562306,1
37562308,2
37562310,1
37562312,1
37562314,2
37562316,1
37562317,1
37562321,1
37572323,3
37572325,1
37572327,2
37582302,2
37582310,1
37582312,3
37582317,1
37582319,4
38002308,1
38002312,2
38002313,3
38002315,1
38002319,1
38002321,2
38012331,1
38012333,1
38022308,3
38022312,2
38022313,1
38022315,2
38022319,1
38022321,1
38022323,3
38032333,1
38042304,3
38042306,2
38042308,1
38042310,1
38042313,2
38042317,1
38042323,1
38062302,1
38062304,1
38062306,1
38062309,2
38062311,1
38062315,1
38062319,1
38062321,3
38062325,1
38072329,2
38072331,2
38082302,2
38082304,2
38082306,1
38082307,1
38082309,1
38082311,3
38082313,3
38082315,2
38082319,1
38082321,3
38082325,3
38082327,1
38092329,2
38092330,1
38092332,1
38102302,3
38102304,1
38102305,1
38102307,1
38102313,2
38102315,2
38102317,3
38102319,2
38102321,2
38102325,2
38102327,1
38112328,1
38112330,1
38112332,1
38112334,2
38122302,1
38122303,1
38122307,1
38122309,2
38122311,1
38122313,3
38122317,2
38122319,2
38122321,2
38122323,1
38122325,2
38122326,3
38132328,1
38132330,1
38132334,2
38142303,1
38142305,2
38142307,2
38142309,2
38142313,2
38142315,1
38142317,1
38142319,1
38142321,3
38142324,4
38142326,2
38142328,3
38152332,3
38152336,1
38162309,2
38162311,1
38162313,2
38162315,2
38162319,2
38162321,2
38162322,1
38162324,2
38162328,1
38172330,2
38172332,5
38172336,1
38182309,2
38182311,1
38182313,1
38182315,1
38182317,2
38182319,3
38182326,4
38192330,3
38192332,2
38192336,4
38192338,1
38202309,2
38202311,3
38202313,1
38202315,1
38202317,1
38202318,1
38202320,1
38202322,1
38202324,2
38202326,2
38202328,1
38212332,1
38212340,2
38222311,1
38222313,2
38222315,2
38222316,1
38222318,1
38222320,1
38222322,3
38222324,2
38222328,1
38222330,2
38232332,2
38232334,1
38232336,2
38232341,1
38242311,1
38242313,1
38242314,2
38242316,1
38242318,3
38242320,1
38242322,1
38242324,1
38242328,1
38242330,3
38242332,1
38252338,1
38252339,3
38252341,3
38262312,1
38262314,3
38262322,2
38262324,2
38262326,4
38262330,1
38262332,3
38272334,3
38272336,3
38272338,4
38272341,2
38282314,2
38282316,1
38282318,3
38282322,2
38282324,1
38282326,1
38282330,3
38282332,1
38282334,3
38292336,1
38292337,1
38292343,2
38302316,1
38302318,1
38302320,1
38302322,1
38302324,1
38302326,2
38302332,1
38302334,1
38312335,1
38312341,1
38322320,1
38322322,1
38322324,2
38322326,3
38322328,1
38322330,1
38322332,1
38322333,1
38332335,2
38332337,2
38332339,6
38332341,1
38332343,1
38342324,2
38342326,1
38342330,1
38342331,1
38342335,2
38352339,1
38352341,5
38352343,3
38362328,2
38362329,1
38362331,2
38362335,1
38372339,1
38372341,1
38372343,1
38372347,1
38382329,1
38382331,1
38382335,2
38392339,1
38392343,3
38392345,3
38392349,2
38402333,1
38402337,2
38412339,1
38412343,2
38412347,2
38412349,1
38412352,1
38422329,1
38422331,1
38422333,1
38422335,3
38422337,1
38432343,3
38432345,2
38432347,1
38432349,3
38432350,1
38432352,3
38442335,1
38442337,1
38452341,2
38452343,1
38452350,1
38462337,4
38462339,2
38472343,2
38472345,4
38472346,4
38472348,2
38472350,1
38472354,1
38482339,1
38482341,2
38492344,2
38492346,4
38492350,2
38492352,1
38492354,2
38492356,1
38512344,2
38512348,1
38512352,1
38512354,2
38512356,2
38512358,1
38522342,1
38532346,2
38532350,2
38532352,1
38532356,3
38552346,3
38552348,3
38552354,2
38552358,1
38552360,1
38552402,2
38552404,1
38572348,3
38572350,2
38572352,1
38572354,2
38572356,1
38572360,1
38572402,2
38572404,1
38592356,1
38592358,4
38592360,1
38592402,2
38592404,1
39012348,4
39012350,1
39012354,2
39012356,2
39012358,2
39012360,1
39012402,1
39012405,1
39022346,1
39032348,3
39032350,2
39032358,1
39032360,1
39032409,1
39032411,2
39042348,1
39052352,2
39052354,2
39052356,1
39052358,3
39052360,3
39052401,1
39052405,2
39052407,1
39052409,3
39062346,4
39072352,2
39072354,1
39072356,2
39072358,4
39072359,4
39072401,2
39072405,1
39082348,2
39092352,1
39092356,2
39092357,1
39092359,1
39092401,3
39092403,1
39092409,3
39092411,1
39102348,2
39102350,1
39112352,2
39112354,1
39112357,1
39112359,2
39112401,2
39112405,1
39112411,1
39122348,1
39122350,1
39132353,2
39132357,4
39132359,2
39132401,1
39132403,2
39132405,1
39132409,1
39132411,2
39142348,2
39142349,2
39142351,1
39152359,2
39152401,1
39152409,2
39152411,2
39162351,2
39172355,1
39172357,3
39172359,4
39172401,2
39172405,1
39172407,1
39172411,1
39182349,2
39182351,1
39182353,1
39192355,2
39192357,2
39192359,2
39192401,3
39192403,1
39192409,2
39192411,1
39192415,2
39202351,1
39202353,1
39202355,4
39212357,5
39212359,2
39212401,3
39212405,1
39212407,1
39212411,1
39222351,2
39222355,2
39232357,2
39232401,1
39232407,2
39232409,1
39232411,1
39232415,1
39242351,1
39252359,1
39252401,2
39252403,1
39252405,1
39252415,1
39262351,2
39262355,1
39262357,1
39272359,3
39272401,1
39272405,1
39272411,1
39282351,2
39282359,3
39292401,2
39292403,1
39292405,1
39302351,1
39302353,2
39302357,1
39302359,2
39312401,3
39312405,1
39312409,4
39312412,1
39322349,3
39322351,2
39322353,2
39322357,3
39322359,1
39322401,3
39332403,1
39332407,2
39332410,2
39342355,1
39342357,2
39342401,1
39352408,1
39362349,1
39362351,1
39362353,1
39362355,1
39362401,1
39362403,2
39372408,1
39372410,1
39382351,1
39382353,1
39382355,3
39382359,1
39382400,1
39382402,1
39392406,2
39402353,1
39402355,2
39402358,1
39402400,1
39402402,1
39402404,1
39412406,1
39422353,1
39422354,1
39422356,2
39422400,1
39422402,1
39422404,1
39422406,2
39432410,2
39442354,3
39442358,1
39442400,2
39442402,2
39442404,3
39442406,1
39462356,2
39462358,1
39462400,1
39462404,1
39462406,3
39462408,1
39482354,2
39482358,2
39482400,1
39482404,2
39482406,1
39492410,1
39492418,1
39502358,4
39502402,1
39502404,1
39502408,4
39512414,1
39512416,2
39522358,2
39522400,2
39522404,2
39522406,2
39522408,2
39522410,1
39522412,2
39532418,1
39532437,1
39532439,3
39532441,1
39542406,1
39542408,3
39552418,1
39552432,1
39552435,2
39552437,1
39552439,1
39552441,2
39562408,1
39562410,1
39562412,1
39562414,1
39572418,3
39572422,1
39572428,1
39572431,1
39572435,1
39572439,1
39582406,2
39582408,2
39582410,1
39582412,1
39582416,1
39592418,1
39592420,1
39592426,1
39592427,2
39592429,1
39592431,1
39592435,1
39592437,1
39592441,2
39592443,1
39592445,1
39592447,1
39592449,2
40002410,2
40012418,1
40012422,1
40012424,3
40012431,2
40012433,1
40012435,1
40012439,3
40012443,1
40022414,1
40022416,4
40032423,1
40032425,2
40032427,2
40032431,1
40032435,3
40032437,2
40032439,2
40032441,3
40032443,1
40032445,2
40032447,1
40042410,1
40042412,1
40042416,1
40042417,2
40052421,1
40052423,1
40052429,1
40052439,2
40052441,3
40052447,1
40052449,2
40052451,1
40052455,1
40052457,1
40062413,2
40062415,2
40062417,3
40062419,2
40072421,3
40072423,2
40072427,2
40072429,1
40072433,2
40072437,1
40072439,4
40072441,1
40072443,1
40072449,3
40072453,1
40072455,2
40072459,2
40072501,1
40072503,1
40082419,1
40082421,2
40092423,3
40092427,3
40092429,3
40092431,2
40092433,2
40092441,2
40092445,2
40092451,2
40092455,1
40092457,1
40092459,1
40092503,2
40092505,1
40102419,2
40102421,1
40112423,2
40112425,2
40112427,2
40112429,1
40112431,2
40112439,2
40112443,1
40112445,1
40112447,2
40112449,2
40112451,2
40112457,1
40112459,1
40112505,1
40122423,2
40132425,1
40132427,1
40132429,2
40132431,4
40132433,3
40132435,1
40132437,1
40132443,1
40132449,1
40132451,3
40132453,1
40132455,2
40132501,1
40132507,1
40142423,1
40152433,1
40152437,3
40152441,1
40152445,2
40152451,2
40152453,1
40152455,1
40152457,1
40152459,3
40152505,1
40152507,2
40152509,1
40162425,2
40172437,1
40172439,1
40172447,2
40172449,3
40172453,1
40172459,1
40172501,1
40172503,3
40172505,2
40172507,2
40192429,1
40192433,2
40192437,1
40192443,1
40192455,2
40192457,2
40192501,1
40202425,1
40202427,2
40212431,5
40212459,1
40222429,1
40232433,2
40242429,2
40252433,1
40252435,1
40262433,1
40272435,1
40272439,1
40282433,2
40292437,3
40292439,2
40302431,2
40302435,3
40312439,1
40312441,2
40322429,5
40322433,3
40322435,1
40322437,1
40322439,1
40332441,1
40332443,1
40332445,1
40342429,1
40342431,1
40342433,5
40342439,3
40352441,1
40352443,2
40362427,1
40362429,1
40362435,2
40362437,2
40362439,3
40382429,2
40382431,1
40382433,1
40402427,2
40402429,1
40402431,1
40402433,1
40402436,2
40402438,1
40402442,2
40422430,1
40422432,3
40422434,2
40422442,2
40422444,1
40422446,1
40442424,1
40442426,1
40442428,4
40442430,1
40442432,1
40442434,1
40442436,3
40442446,1
40462422,1
40462424,2
40462426,2
40462428,2
40462430,2
40462432,2
40462434,4
40462440,1
40462442,1
40482418,2
40482420,2
40482424,2
40482428,1
40482430,2
40482440,1
40482444,1
40502416,2
40502422,1
40502424,1
40502426,2
40502428,2
40502430,2
40502432,2
40502434,1
40502442,1
40502444,2
40522416,1
40522418,2
40522420,1
40522422,1
40522424,2
40522426,1
40522428,1
40522430,3
40522432,4
40522434,2
40522440,2
40522446,1
40542416,3
40542420,1
40542424,1
40542426,2
40542428,4
40542430,1
40542432,1
40542434,2
40542436,2
40542440,1
40542442,1
40542444,2
40562416,3
40562418,5
40562420,1
40562422,2
40562424,3
40562426,2
40562428,2
40562430,1
40562432,2
40562434,1
40562436,1
40562438,2
40562440,4
40562444,2
40582414,1
40582416,1
40582418,1
40582422,1
40582424,2
40582428,2
40582430,2
40582432,2
40582434,2
40582436,1
40582438,1
40582442,1
40582444,1
40602414,1
40602418,4
41002422,1
41002424,3
41002426,2
41002428,3
41002430,1
41002432,1
41002434,3
41002436,1
41002438,2
41002442,2
41002446,1
41022416,3
41022420,1
41022422,2
41022424,2
41022426,1
41022428,1
41022434,3
41022438,3
41022442,1
41022448,1
41042416,1
41042418,2
41042422,3
41042426,1
41042430,1
41042434,1
41042436,1
41042438,1
41042440,1
41042442,1
41042444,1
41042446,1
41042448,1
41062414,1
41062416,2
41062420,1
41062424,1
41062426,3
41062428,3
41062430,1
41062434,3
41062440,1
41062442,1
41062450,1
41082416,1
41082418,1
41082420,1
41082422,1
41082424,3
41082426,2
41082432,1
41082446,2
41102416,2
41102418,2
41102420,2
41102422,3
41102424,2
41102430,2
41102436,1
41102442,2
41102448,1
41102450,1
41122416,2
41122418,2
41122420,1
41122422,2
41122424,1
41122426,3
41122432,1
41122434,1
41122436,1
41122440,2
41122442,1
41122444,1
41122450,2
41142412,1
41142414,1
41142416,1
41142418,3
41142420,1
41142422,1
41142424,1
41142428,1
41142434,1
41142438,2
41142440,1
41142442,1
41142450,5
41162412,1
41162414,2
41162416,2
41162418,2
41162420,3
41162422,2
41162424,3
41162426,1
41162428,1
41162434,1
41162438,2
41162440,2
41162442,1
41162446,1
41162448,1
41162452,2
41182414,2
41182416,1
41182418,3
41182426,1
41182428,4
41182430,2
41182436,1
41182438,1
41182444,1
41182450,2
41182452,1
41202418,2
41202422,2
41202424,1
41202428,1
41202430,2
41202434,2
41202438,3
41202442,1
41202446,1
41202448,2
41202450,1
41202452,1
41202454,2
41222411,3
41222416,1
41222418,2
41222420,1
41222424,2
41222426,3
41222428,1
41222430,1
41222432,1
41222434,1
41222436,1
41222444,2
41222448,1
41222450,3
41222452,2
41242415,1
41242417,2
41242421,1
41242424,1
41242426,2
41242430,1
41242436,1
41242440,1
41242444,1
41242446,1
41242448,1
41242450,1
41242452,1
41242454,1
41242456,1
41262411,1
41262415,3
41262417,1
41262421,1
41262423,1
41262429,1
41262438,1
41262442,1
41262444,1
41262448,1
41262450,1
41262454,1
41262456,1
41282415,2
41282419,2
41282423,1
41282425,1
41282427,2
41282429,3
41282433,1
41282435,1
41282442,2
41282444,1
41282448,1
41282450,1
41282454,2
41282456,1
41302417,1
41302419,1
41302421,1
41302423,1
41302425,2
41302427,1
41302429,3
41302433,1
41302437,2
41302439,1
41302441,1
41302446,1
41302448,2
41302452,1
41302456,2
41302458,1
41322415,2
41322417,1
41322421,1
41322423,3
41322425,2
41322427,2
41322429,1
41322431,3
41322437,2
41322439,1
41322443,1
41322445,1
41322448,1
41322452,1
41322454,3
41322456,1
41342417,2
41342419,1
41342423,3
41342425,1
41342429,1
41342431,1
41342433,2
41342435,1
41342437,2
41342445,1
41342447,1
41342456,1
41342458,1
41362417,1
41362421,3
41362423,1
41362425,1
41362427,2
41362429,1
41362431,3
41362433,1
41362435,1
41362437,2
41362441,1
41362443,2
41362445,3
41362447,2
41362453,1
41362456,1
41362460,1
41382417,3
41382419,1
41382421,3
41382425,4
41382429,2
41382431,2
41382433,2
41382435,1
41382437,2
41382439,2
41382441,2
41382447,1
41382449,2
41382451,1
41382453,2
41382455,1
41382502,1
41402417,1
41402419,1
41402421,1
41402423,1
41402425,1
41402427,3
41402429,1
41402435,1
41402439,1
41402443,2
41402445,1
41402449,2
41402453,1
41402459,1
41422417,2
41422419,2
41422423,1
41422425,2
41422427,1
41422431,2
41422433,1
41422437,1
41422445,2
41422447,1
41422451,1
41422453,1
41422455,1
41422501,1
41442419,1
41442421,1
41442423,3
41442425,2
41442429,3
41442431,2
41442433,4
41442435,2
41442437,1
41442439,2
41442443,1
41442449,1
41442455,3
41442457,1
41442459,1
41442501,1
41462421,1
41462423,2
41462427,1
41462429,3
41462431,2
41462433,4
41462435,2
41462439,1
41462441,3
41462445,1
41462447,2
41462455,1
41462457,1
41462459,1
41482423,1
41482425,1
41482429,1
41482431,1
41482433,1
41482435,2
41482437,2
41482441,2
41482449,1
41482453,3
41482455,1
41482459,1
41482501,1
41502427,1
41502429,1
41502431,2
41502433,2
41502435,1
41502441,2
41502443,1
41502445,1
41502447,1
41502451,2
41502453,1
41502459,2
41502503,1
41522423,2
41522427,1
41522429,2
41522431,1
41522433,2
41522435,3
41522441,1
41522445,1
41522449,1
41522451,1
41522453,3
41522455,3
41522457,2
41522501,2
41522503,1
41542423,1
41542425,2
41542427,3
41542429,2
41542431,1
41542433,1
41542435,2
41542441,2
41542445,1
41542447,2
41542455,1
41542459,2
41542501,1
41542503,1
41562423,1
41562425,2
41562431,1
41562433,2
41562435,2
41562441,1
41562451,2
41562453,1
41562455,1
41562457,1
41562459,1
41562503,1
41582421,1
41582423,2
41582427,1
41582433,3
41582435,3
41582437,1
41582443,1
41582445,2
41582447,1
41582449,1
41582455,1
41582457,2
41582459,1
41582501,1
41602425,2
41602427,2
41602429,3
41602433,3
41602435,1
41602437,3
41602439,2
41602441,1
41602445,1
41602449,2
41602451,2
41602453,2
41602457,1
41602459,1
41602501,1
41602503,1
42022423,1
42022425,1
42022427,1
42022431,1
42022433,2
42022437,1
42022439,2
42022441,2
42022443,1
42022447,1
42022449,1
42022451,2
42022455,2
42022457,1
42022459,1
42042425,1
42042427,1
42042429,2
42042431,2
42042435,4
42042437,3
42042439,2
42042441,1
42042443,3
42042447,2
42042449,1
42042457,1
42042459,1
42062427,3
42062429,3
42062433,6
42062435,2
42062437,4
42062439,1
42062441,2
42062443,1
42062447,3
42062449,1
42062455,2
42072424,2
42072427,2
42082431,2
42082433,1
42082437,1
42082439,1
42082441,1
42082443,1
42082449,3
42082451,3
42082453,1
42082457,1
42102431,1
42102433,3
42102435,3
42102437,2
42102439,1
42102441,2
42102443,1
42102445,1
42102447,1
42102451,1
42102455,2
42102457,4
42112426,2
42122430,1
42122435,3
42122437,2
42122439,1
42122441,3
42122443,2
42122445,2
42122449,2
42122453,1
42122457,1
42132428,3
42132430,2
42142432,2
42142435,2
42142437,1
42142439,1
42142441,2
42142443,2
42142447,1
42142449,1
42142451,1
42142453,1
42142455,2
42142457,1
42152428,3
42152430,2
42162432,2
42162434,1
42162437,1
42162439,1
42162441,2
42162443,3
42162447,1
42162449,2
42162451,3
42162453,3
42162457,1
42172430,1
42182434,1
42182441,2
42182443,1
42182447,2
42182449,4
42182451,1
42182453,1
42182455,3
42182457,1
42192428,2
42192430,1
42192434,2
42202438,3
42202441,5
42202443,3
42202445,2
42202447,2
42202449,3
42202453,1
42212432,1
42212434,2
42212436,1
42222438,2
42222440,2
42222443,1
42222445,1
42222447,1
42222449,1
42222451,1
42222453,1
42232430,1
42232436,3
42242440,1
42242442,1
42242445,1
42242447,1
42242453,1
42252432,1
42252434,1
42252436,2
42252438,1
42262442,2
42262444,3
42262449,3
42272434,1
42272438,1
42282449,3
42282451,2
42292436,2
42292438,1
42292440,1
42302444,4
42302446,1
42302451,3
42302453,1
42312432,1
42312436,6
42312438,3
42322446,2
42322448,2
42332432,1
42332434,2
42332440,1
42332444,1
42332446,1
42342448,1
42342450,3
42352430,1
42352432,1
42352438,3
42352440,2
42352442,3
42352444,2
42352446,2
42362452,2
42362457,1
42372428,1
42372430,1
42372432,1
42372434,1
42372436,2
42372438,1
42372440,3
42372442,2
42372446,2
42382450,3
42382452,2
42382457,1
42382459,1
42382501,1
42392432,2
42392434,2
42392436,1
42392438,2
42392440,1
42392442,2
42392444,2
42392446,1
42392448,1
42392450,1
42402452,2
42402454,1
42402457,1
42402459,1
42412436,2
42412440,1
42412446,1
42412450,2
42412452,2
42422459,1
42422501,1
42432436,1
42432438,2
42432440,2
42432442,3
42432444,1
42432446,1
42432450,1
42452438,1
42452442,3
42452444,1
42452446,1
42452448,1
42452450,4
42452452,1
42472438,1
42472440,2
42472442,1
42472444,3
42472448,1
42472450,1
42472452,1
42472454,1
42472456,1
42492440,2
42492444,2
42492446,1
42492450,1
42492452,1
42512442,1
42512444,1
42512446,1
42512448,2
42512450,5
42512452,2
42512454,3
42532436,1
42532442,1
42532444,2
42532448,2
42532450,5
42532452,2
42532454,3
42532456,1
42532458,2
42552436,1
42552438,2
42552442,1
42552444,2
42552448,1
42552450,1
42552454,1
42552456,2
42552500,1
42572434,3
42572436,1
42572440,3
42572442,1
42572444,2
42572446,2
42572448,1
42572450,1
42572452,1
42572454,3
42572456,3
42572458,1
42572500,1
42572502,2
42592431,2
42592434,2
42592436,3
42592438,1
42592442,2
42592444,3
42592446,4
42592448,1
42592452,4
42592456,1
43012431,1
43012436,3
43012438,2
43012446,2
43012448,1
43012452,3
43012500,2
43032429,2
43032431,3
43032433,2
43032435,4
43032438,4
43032440,3
43032444,3
43032446,1
43032450,1
43032452,3
43032454,3
43032456,2
43032500,1
43052429,2
43052431,2
43052433,2
43052435,3
43052440,1
43052442,1
43052444,1
43052448,1
43052452,1
43052454,3
43052458,2
43072437,1
43072440,1
43072446,3
43072448,1
43072450,3
43072452,2
43072456,1
43092431,1
43092439,1
43092442,1
43092446,3
43092448,1
43092450,1
43092452,1
43092456,2
43092458,1
43092500,1
43112429,1
43112435,1
43112439,1
43112442,2
43112444,2
43112446,4
43112448,1
43112450,1
43112452,1
43112456,4
43112458,2
43112500,1
43112502,1
43132429,1
43132441,1
43132444,3
43132446,2
43132448,1
43132452,1
43132454,1
43152433,1
43152437,1
43152439,3
43152441,2
43152444,2
43152446,1
43152448,5
43152450,2
43152452,1
43152454,2
43152458,2
43152502,1
43172429,4
43172431,1
43172433,1
43172435,1
43172437,2
43172439,2
43172441,2
43172443,1
43172446,1
43172448,1
43172452,3
43172456,1
43172458,2
43172500,1
43172502,1
43192429,1
43192431,2
43192433,1
43192435,2
43192437,1
43192441,1
43192443,1
43192446,1
43192448,3
43192454,1
43192456,1
43192458,1
43192500,2
43212427,2
43212429,2
43212431,1
43212439,2
43212443,1
43212452,2
43212458,1
43212460,1
43212502,1
43232425,1
43232429,2
43232431,1
43232435,1
43232439,3
43232445,3
43232448,2
43232452,2
43232456,2
43232458,1
43252425,2
43252427,1
43252431,1
43252433,2
43252435,1
43252437,5
43252439,1
43252441,1
43252443,1
43252447,1
43252450,2
43252456,1
43252502,1
43252504,3
43252506,1
43272420,1
43272423,1
43272425,1
43272427,1
43272431,1
43272435,1
43272437,4
43272439,1
43272441,1
43272445,6
43272447,1
43272450,2
43272452,1
43272456,1
43272502,1
43272506,1
43292422,1
43292425,1
43292427,1
43292431,1
43292435,1
43292437,3
43292439,1
43292441,1
43292443,2
43292445,3
43292447,1
43292449,1
43292452,1
43292454,2
43292456,1
43292460,2
43292504,1
43292506,1
43312424,1
43312429,1
43312435,1
43312437,1
43312441,2
43312445,1
43312449,1
43312454,2
43312458,1
43312460,2
43312504,2
43332424,1
43332431,4
43332439,2
43332441,2
43332447,1
43332449,2
43332454,1
43332456,1
43332458,1
43332502,1
43352422,2
43352424,1
43352426,2
43352429,2
43352431,4
43352433,3
43352435,1
43352439,1
43352441,3
43352443,2
43352445,1
43352447,1
43352449,2
43352451,2
43352456,1
43352460,1
43352502,2
43352506,2
43372416,1
43372422,3
43372424,1
43372435,3
43372437,3
43372441,3
43372443,2
43372447,1
43372458,1
43372502,2
43372504,1
43392418,1
43392420,2
43392422,3
43392424,2
43392428,3
43392433,3
43392435,3
43392437,1
43392439,1
43392441,1
43392443,1
43392445,3
43392451,1
43392456,1
43392458,1
43392502,1
43392504,1
43412416,1
43412418,1
43412422,2
43412426,1
43412428,1
43412430,2
43412433,3
43412435,3
43412437,2
43412441,1
43412443,1
43412447,1
43412449,2
43412451,3
43412453,1
43412456,2
43412502,1
43432416,1
43432420,2
43432422,1
43432426,1
43432430,1
43432437,2
43432439,3
43432441,2
43432443,3
43432445,1
43432447,1
43432453,1
43432455,1
43452416,1
43452418,2
43452420,2
43452422,2
43452426,1
43452428,2
43452432,4
43452435,1
43452439,1
43452441,2
43452443,1
43452445,4
43452449,1
43452451,1
43452453,2
43462414,1
43472416,1
43472420,2
43472422,1
43472424,1
43472426,1
43472430,2
43472432,3
43472435,1
43472437,2
43472439,1
43472443,2
43472449,3
43472451,1
43482414,1
43492420,2
43492422,2
43492424,2
43492428,1
43492432,1
43492434,2
43492437,1
43492439,2
43492443,5
43492445,1
43492447,3
43492449,1
43492451,2
43492453,1
43492455,1
43492457,1
43502416,2
43512418,1
43512422,2
43512424,1
43512426,1
43512428,1
43512432,1
43512434,1
43512437,1
43512443,1
43512445,1
43512449,1
43512451,1
43512453,2
43512455,1
43512502,2
43522414,1
43532418,1
43532422,2
43532424,1
43532428,1
43532432,1
43532434,3
43532443,2
43532445,2
43532447,2
43532449,1
43532451,1
43532455,2
43532459,1
43532502,1
43532504,3
43542418,1
43552422,2
43552424,1
43552426,2
43552428,1
43552436,1
43552441,1
43552443,1
43552445,1
43552449,3
43552451,2
43552453,3
43552457,2
43552504,1
43562413,1
43562415,2
43562418,1
43572420,2
43572426,1
43572428,3
43572430,1
43572432,2
43572434,1
43572436,1
43572438,1
43572443,2
43572445,2
43572449,2
43572455,1
43572457,1
43572459,4
43572502,1
43582413,1
43582415,1
43582418,2
43592424,2
43592426,1
43592430,2
43592432,2
43592436,1
43592438,4
43592441,1
43592445,1
43592451,1
43592457,1
43592459,1
44002413,1
44002415,4
44002420,1
44012424,2
44012426,1
44012428,1
44012432,1
44012434,2
44012436,1
44012438,2
44012443,1
44012447,1
44012455,1
44012457,1
44012459,2
44022413,1
44022415,2
44022420,2
44032424,3
44032426,2
44032428,1
44032430,2
44032432,1
44032434,1
44032438,1
44032440,1
44032443,1
44032455,2
44032459,1
44032501,2
44042413,1
44042415,2
44042417,1
44042422,1
44042424,2
44052426,3
44052428,2
44052430,2
44052434,2
44052436,2
44052438,1
44052440,2
44052443,5
44052445,2
44052449,1
44052455,1
44052457,1
44062415,1
44062417,3
44062422,2
44062424,2
44072426,1
44072428,1
44072430,1
44072432,1
44072438,2
44072442,2
44072445,3
44072447,1
44072449,1
44072455,4
44072459,2
44082413,1
44082415,1
44082417,4
44082419,1
44082426,1
44092432,2
44092434,1
44092438,1
44092440,4
44092442,3
44092445,1
44092447,1
44092455,3
44092457,1
44092459,1
44092501,1
44102413,4
44102415,1
44102417,1
44102419,2
44102421,1
44102424,1
44112428,2
44112430,1
44112432,1
44112434,1
44112436,2
44112438,4
44112442,1
44112445,1
44112447,2
44112503,2
44122413,1
44122415,1
44122417,1
44122419,3
44122423,1
44122428,3
44132430,1
44132432,3
44132434,2
44132436,2
44132440,2
44132459,1
44132501,2
44142413,1
44142415,1
44142417,1
44142419,1
44142423,3
44142428,1
44142430,1
44152432,1
44152434,1
44152436,1
44152438,1
44152449,2
44152451,2
44152457,1
44152501,1
44152503,3
44152505,1
44162413,1
44162415,1
44162419,2
44162421,2
44162423,2
44172432,2
44172436,3
44172438,1
44172446,1
44172449,1
44172451,1
44172453,1
44172455,3
44172457,4
44172501,2
44172508,3
44182413,2
44182415,1
44182417,1
44182419,4
44182421,2
44182423,2
44182425,2
44182428,2
44182432,1
44192434,1
44192436,1
44192438,1
44192442,1
44192446,1
44192451,4
44192453,2
44192457,1
44192459,2
44192501,2
44192503,2
44192505,2
44202415,3
44202417,2
44202419,6
44202421,2
44202423,1
44202425,1
44202430,2
44202432,1
44212436,3
44212438,2
44212440,2
44212444,1
44212446,2
44212451,1
44212453,1
44212455,4
44212457,1
44212459,2
44212503,1
44212507,3
44212510,1
44222413,2
44222417,1
44222421,1
44222423,4
44222425,1
44222427,2
44222430,1
44222432,3
44222434,2
44232436,1
44232438,1
44232442,1
44232444,1
44232446,3
44232451,2
44232453,2
44232455,1
44232459,2
44232501,3
44232503,1
44232505,2
44232507,2
44242415,2
44242417,3
44242421,2
44242423,2
44242425,1
44242427,2
44242432,1
44242436,1
44252438,1
44252444,1
44252446,1
44252448,1
44252453,2
44252457,2
44252459,2
44252501,3
44252503,2
44252505,1
44252507,1
44262413,4
44262415,2
44262419,2
44262421,2
44262423,1
44262427,3
44262429,1
44262432,1
44262434,1
44262436,1
44272440,1
44272444,1
44272446,3
44272448,1
44272451,2
44272453,4
44272455,1
44282413,1
44282415,1
44282417,1
44282419,1
44282421,1
44282423,1
44282429,1
44282436,2
44282438,2
44292442,5
44292444,2
44292446,2
44292450,2
44292455,2
44292459,2
44292503,1
44292507,2
44302412,2
44302415,1
44302417,1
44302419,1
44302421,1
44302425,1
44302427,1
44302434,3
44302438,2
44302440,1
44312446,1
44312448,2
44312450,3
44312453,1
44312455,1
44312457,1
44312459,2
44312501,1
44312503,1
44312505,1
44312507,2
44312509,1
44312512,1
44322412,2
44322415,2
44322417,3
44322419,1
44322431,1
44322434,1
44322436,1
44322438,3
44322440,1
44332442,1
44332444,3
44332446,1
44332453,3
44332457,1
44332503,1
44332509,1
44342414,2
44342419,2
44342421,2
44342423,2
44342433,1
44342436,2
44342438,1
44342440,1
44342442,2
44352444,2
44352446,1
44352450,3
44352452,3
44352455,2
44352457,1
44352501,3
44352503,2
44352512,2
44362414,1
44362417,4
44362419,1
44362423,1
44362427,1
44362431,3
44362433,2
44362440,1
44362444,2
44372448,2
44372452,2
44372455,1
44372459,1
44372503,1
44372505,2
44372507,1
44372509,1
44382412,2
44382414,1
44382416,1
44382421,2
44382423,3
44382425,1
44382427,2
44382431,3
44382435,1
44382438,2
44382440,1
44382442,4
44382444,3
44392446,1
44392450,2
44392452,1
44392501,2
44392503,4
44392505,1
44392507,1
44402410,4
44402412,3
44402414,1
44402416,2
44402421,1
44402423,1
44402425,3
44402431,1
44402433,1
44402435,2
44402442,3
44402444,1
44402446,3
44412448,1
44412450,3
44412452,1
44412454,1
44412457,2
44412459,1
44412501,1
44412505,1
44412509,2
44422412,2
44422414,2
44422416,1
44422418,2
44422421,1
44422423,1
44422425,1
44422427,2
44422429,1
44422431,2
44422435,1
44422442,1
44422444,1
44422446,1
44422448,2
44432450,2
44432452,2
44432459,1
44432501,1
44432503,1
44442410,2
44442414,1
44442416,1
44442418,1
44442423,2
44442427,1
44442429,1
44442431,4
44442433,1
44442437,2
44442440,1
44442442,1
44442444,2
44442446,3
44442448,2
44452450,1
44452452,1
44452454,5
44452459,1
44452501,1
44452503,2
44462410,1
44462412,2
44462414,1
44462416,4
44462418,1
44462420,1
44462431,1
44462433,2
44462437,1
44462440,2
44462444,1
44462446,1
44462448,2
44462450,2
44472452,3
44472454,1
44472457,4
44472459,1
44482408,1
44482410,2
44482412,2
44482414,2
44482416,2
44482418,2
44482420,1
44482431,3
44482433,4
44482435,1
44482437,1
44482440,2
44482442,1
44482444,2
44482446,2
44482448,2
44482450,4
44482452,3
44492456,1
44492459,1
44492501,2
44502408,2
44502410,2
44502412,2
44502418,1
44502420,1
44502422,3
44502425,2
44502427,1
44502429,2
44502433,3
44502435,1
44502437,2
44502439,2
44502444,4
44502446,3
44502448,2
44502450,1
44522410,2
44522412,3
44522416,1
44522418,1
44522420,1
44522422,2
44522427,3
44522429,5
44522433,2
44522437,1
44522439,1
44522444,3
44522446,2
44522450,4
44522452,4
44522454,1
44532501,1
44532503,1
44542408,3
44542412,1
44542414,1
44542416,1
44542418,1
44542420,2
44542422,1
44542425,1
44542427,1
44542431,1
44542433,1
44542435,3
44542437,1
44542439,3
44542442,1
44542444,2
44542446,3
44542448,1
44542450,1
44542452,1
44542454,2
44542456,2
44552501,4
44552505,1
44562407,2
44562412,1
44562414,1
44562416,1
44562418,1
44562420,1
44562422,1
44562427,1
44562429,4
44562431,1
44562433,4
44562435,3
44562439,1
44562441,1
44562446,2
44562448,2
44562450,1
44562458,1
44572501,3
44572503,1
44572505,4
44572513,2
44582405,1
44582407,2
44582412,2
44582416,2
44582418,1
44582422,1
44582424,3
44582427,2
44582429,2
44582431,1
44582433,3
44582435,2
44582437,3
44582441,3
44582448,1
44582452,2
44582456,1
44582501,1
44592513,1
44602405,4
44602407,2
44602409,1
44602414,1
45002416,3
45002420,1
45002422,1
45002424,1
45002429,1
45002431,1
45002433,1
45002435,3
45002439,4
45002441,4
45002444,2
45002446,1
45002448,1
45002456,1
45012513,1
45022405,1
45022407,2
45022409,2
45022412,1
45022414,1
45022416,1
45022418,1
45022420,2
45022422,2
45022424,2
45022426,3
45022429,1
45022431,4
45022433,1
45022435,1
45022437,2
45022441,2
45022443,2
45022446,1
45022448,1
45022503,2
45042405,1
45042407,2
45042409,2
45042411,2
45042414,2
45042416,1
45042418,2
45042420,5
45042424,1
45042426,4
45042429,1
45042431,2
45042433,1
45042435,2
45042437,3
45042439,1
45042441,1
45042443,1
45042446,1
45042448,2
45042450,2
45042452,2
45042456,1
45042458,2
45042500,1
45062405,1
45062416,4
45062418,1
45062420,1
45062422,1
45062424,3
45062426,1
45062428,4
45062431,3
45062433,3
45062435,1
45062437,2
45062439,1
45062441,4
45062443,2
45062452,2
45062454,1
45062456,1
45062500,1
45082405,1
45082411,3
45082416,1
45082418,2
45082420,1
45082424,2
45082426,1
45082428,3
45082431,2
45082433,6
45082437,1
45082441,1
45082443,1
45082445,2
45082448,1
45082458,3
45102405,2
45102409,2
45102411,1
45102413,1
45102418,2
45102420,1
45102422,2
45102424,4
45102426,1
45102431,3
45102433,2
45102437,3
45102441,2
45102445,2
45102448,1
45102454,1
45102456,3
45102458,1
45122407,1
45122413,2
45122416,1
45122418,2
45122424,2
45122426,1
45122428,1
45122430,2
45122433,1
45122437,1
45122439,4
45122441,1
45122443,1
45122445,1
45122448,1
45122450,1
45122452,1
45122454,1
45142403,1
45142409,1
45142411,1
45142413,2
45142415,1
45142418,2
45142420,4
45142422,1
45142426,3
45142428,1
45142430,1
45142433,2
45142435,1
45142437,2
45142439,1
45142441,1
45142443,3
45142447,1
45142450,1
45142452,1
45142454,2
45142456,2
45162407,1
45162409,3
45162411,3
45162415,3
45162418,2
45162420,1
45162426,3
45162428,2
45162430,2
45162433,1
45162435,1
45162437,2
45162439,3
45162443,2
45162447,3
45162450,3
45162452,1
45162454,1
45162456,1
45162458,1
45182409,1
45182411,3
45182413,1
45182415,2
45182417,2
45182420,2
45182422,1
45182424,2
45182426,5
45182428,2
45182430,1
45182432,1
45182435,1
45182437,1
45182439,4
45182441,3
45182445,1
45182447,2
45182452,1
45202402,1
45202405,2
45202407,1
45202409,2
45202411,1
45202413,1
45202426,1
45202430,1
45202432,1
45202435,2
45202437,1
45202441,2
45202443,3
45202445,1
45202450,2
45202452,1
45202456,3
45202458,2
45222402,2
45222405,1
45222409,1
45222411,3
45222413,2
45222415,2
45222420,1
45222422,1
45222424,2
45222426,1
45222428,2
45222430,2
45222432,2
45222435,1
45222439,2
45222441,3
45222443,2
45222445,1
45222447,1
45222452,1
45222456,1
45242404,1
45242411,1
45242417,1
45242419,1
45242422,1
45242424,1
45242428,3
45242430,3
45242432,3
45242434,4
45242437,3
45242439,1
45242441,4
45242443,1
45242445,3
45242449,1
45242454,1
45262402,1
45262407,1
45262409,1
45262413,3
45262419,3
45262422,1
45262424,1
45262426,1
45262428,1
45262430,3
45262432,2
45262434,1
45262437,1
45262439,2
45262441,2
45262445,2
45262447,3
45262449,1
45262452,2
45262454,1
45262456,1
45282409,4
45282417,1
45282419,3
45282422,1
45282424,1
45282426,1
45282434,2
45282437,2
45282439,1
45282441,2
45282443,2
45282445,3
45282449,1
45282452,1
45302402,2
45302404,2
45302409,2
45302413,2
45302415,1
45302419,2
45302421,3
45302428,2
45302430,2
45302432,2
45302436,2
45302439,2
45302441,1
45302443,1
45302445,1
45302449,1
45322406,1
45322409,2
45322415,1
45322419,1
45322421,1
45322426,2
45322428,1
45322432,2
45322436,1
45322439,1
45322441,1
45322447,2
45322449,1
45322451,1
45322509,1
45342404,2
45342406,1
45342408,2
45342411,4
45342413,1
45342417,1
45342421,1
45342424,1
45342426,1
45342428,1
45342430,3
45342432,1
45342434,1
45342436,1
45342439,1
45342441,3
45342443,1
45342445,3
45342451,1
45342509,1
45342511,1
45362411,1
45362413,3
45362415,1
45362419,3
45362428,1
45362434,1
45362436,3
45362438,1
45362441,2
45362443,1
45362445,1
45362447,1
45362449,2
45362451,2
45362509,2
45382402,1
45382404,3
45382408,1
45382413,1
45382417,2
45382419,1
45382423,2
45382426,3
45382430,1
45382432,1
45382434,2
45382436,2
45382438,1
45382443,1
45382449,1
45382511,2
45402402,2
45402406,4
45402408,1
45402413,1
45402415,1
45402419,2
45402421,1
45402425,1
45402428,4
45402430,1
45402432,3
45402434,1
45402436,2
45402438,1
45402441,1
45402443,1
45402445,3
45402449,1
45402451,2
45402453,1
45422408,2
45422410,2
45422413,1
45422415,2
45422417,1
45422419,3
45422423,1
45422425,1
45422428,1
45422430,4
45422432,3
45422434,1
45422436,2
45422438,1
45422441,1
45422443,3
45422445,4
45422447,1
45422449,1
45442402,1
45442404,1
45442406,2
45442408,3
45442415,1
45442417,3
45442419,2
45442423,2
45442428,1
45442430,2
45442432,2
45442434,1
45442436,1
45442440,2
45442443,2
45442445,3
45442447,1
45442453,1
45462402,2
45462404,1
45462406,2
45462412,2
45462421,3
45462423,3
45462425,1
45462436,2
45462438,2
45462440,3
45462445,1
45462447,2
45462449,1
45462453,1
45462502,1
45482408,3
45482412,1
45482415,1
45482417,1
45482419,1
45482421,2
45482423,2
45482425,1
45482430,2
45482432,1
45482434,3
45482436,1
45482438,3
45482440,2
45482443,1
45482445,1
45482451,2
45482502,1
45502404,2
45502410,2
45502412,2
45502414,1
45502417,2
45502419,2
45502425,2
45502430,1
45502432,1
45502434,2
45502440,3
45502442,1
45502445,1
45502447,1
45502449,1
45502455,1
45522404,1
45522406,1
45522408,1
45522410,2
45522412,2
45522414,1
45522417,1
45522419,4
45522425,1
45522427,3
45522430,1
45522432,3
45522436,2
45522445,1
45522447,2
45522449,2
45522451,2
45542404,1
45542406,2
45542408,1
45542410,2
45542414,2
45542417,2
45542423,1
45542427,1
45542429,2
45542432,1
45542434,1
45542438,1
45542440,2
45542442,2
45542445,2
45542447,1
45542451,1
45542453,1
45542502,1
45542519,1
45562406,2
45562408,1
45562410,3
45562414,1
45562416,2
45562419,1
45562421,2
45562423,1
45562427,1
45562429,1
45562432,1
45562434,2
45562436,2
45562438,2
45562440,1
45562445,2
45562447,2
45562451,3
45562453,1
45582406,2
45582412,2
45582414,1
45582416,1
45582419,1
45582421,1
45582423,2
45582427,1
45582432,2
45582438,6
45582440,1
45582442,1
45582444,2
45582447,1
45582449,1
45582504,1
45602406,2
45602412,3
45602419,1
45602421,1
45602423,1
45602425,1
45602427,1
45602431,1
45602434,1
45602440,3
45602442,2
46002444,1
46002447,1
46002449,3
46002453,1
46002460,2
46022405,1
46022408,1
46022410,1
46022412,1
46022418,1
46022421,2
46022423,2
46022425,2
46022427,2
46022431,1
46022434,1
46022436,1
46022440,1
46022444,3
46022447,1
46022451,2
46022453,1
46022455,4
46022457,1
46042410,2
46042414,1
46042416,1
46042418,1
46042421,2
46042423,1
46042425,3
46042427,1
46042429,1
46042431,1
46042434,1
46042438,2
46042440,1
46042442,1
46042444,2
46042449,2
46062410,5
46062414,1
46062418,3
46062421,1
46062423,1
46062425,1
46062429,1
46062436,1
46062438,2
46062440,1
46062442,2
46062444,1
46062446,1
46062449,2
46082407,1
46082412,1
46082416,1
46082418,3
46082423,1
46082431,1
46082436,1
46082440,2
46082442,2
46082449,2
46082451,1
46082457,2
46082459,1
46102412,1
46102416,2
46102418,1
46102420,1
46102425,2
46102427,3
46102431,3
46102433,1
46102438,1
46102440,1
46102442,2
46102444,1
46102446,2
46102455,2
46102457,1
46122412,2
46122414,1
46122416,1
46122418,1
46122420,1
46122423,1
46122425,2
46122427,1
46122429,3
46122431,2
46122433,3
46122436,1
46122438,1
46122444,2
46122451,1
46122455,3
46122457,3
46122459,2
46142414,2
46142416,2
46142418,1
46142420,2
46142422,4
46142427,2
46142429,1
46142433,3
46142435,1
46142438,1
46142440,1
46142449,1
46142451,2
46142453,1
46142455,1
46142457,1
46142459,1
46162416,1
46162422,1
46162425,2
46162427,4
46162429,1
46162431,1
46162433,2
46162435,2
46162442,2
46162444,2
46162451,2
46162453,1
46162455,1
46162457,1
46162459,2
46162501,1
46182416,2
46182418,1
46182420,2
46182425,1
46182427,2
46182429,1
46182433,1
46182435,4
46182438,1
46182440,1
46182442,1
46182444,1
46182446,1
46182451,1
46182455,1
46182459,1
46202418,1
46202420,3
46202422,2
46202429,1
46202431,1
46202433,2
46202435,1
46202440,1
46202446,1
46202448,1
46202451,1
46202453,3
46202457,2
46202459,1
46222416,1
46222418,1
46222420,1
46222422,1
46222427,1
46222429,3
46222431,1
46222433,1
46222440,1
46222444,1
46222448,1
46222455,1
46222457,3
46242416,2
46242420,3
46242422,2
46242427,1
46242431,1
46242433,2
46242435,1
46242440,4
46242442,2
46242457,1
46262416,1
46262418,1
46262420,1
46262422,2
46262424,1
46262431,1
46262433,5
46262437,5
46262440,1
46262446,1
46282416,1
46282418,2
46282420,2
46282424,1
46282431,3
46282433,1
46282435,1
46282437,4
46282442,1
46282444,2
46282446,3
46302416,1
46302420,2
46302422,2
46302424,2
46302429,1
46302431,3
46302435,1
46302439,1
46302442,1
46302444,2
46302446,1
46302450,4
46322420,1
46322422,2
46322426,1
46322429,1
46322431,6
46322435,1
46322437,3
46322439,1
46322444,1
46342418,1
46342422,3
46342424,1
46342428,2
46342431,2
46342433,4
46342435,2
46342437,1
46342442,2
46342444,1
46342446,3
46342452,1
46342457,2
46342459,1
46362415,1
46362418,2
46362420,2
46362424,5
46362426,3
46362428,1
46362431,1
46362433,2
46362435,1
46362437,3
46362442,1
46362444,1
46362448,1
46362452,2
46362501,2
46382417,4
46382420,1
46382422,1
46382426,1
46382431,1
46382433,1
46382435,3
46382437,1
46382439,2
46382441,3
46382448,1
46382452,1
46382455,1
46382457,1
46382459,2
46382503,2
46382508,1
46402420,2
46402422,3
46402428,1
46402431,2
46402435,1
46402437,1
46402439,2
46402441,1
46402444,1
46402446,2
46402448,2
46402450,2
46402457,1
46402501,3
46402503,1
46402505,2
46402510,1
46422420,2
46422422,2
46422424,2
46422430,4
46422433,1
46422435,2
46422437,1
46422439,2
46422441,1
46422446,2
46422448,2
46422450,1
46422452,1
46422455,1
46422459,2
46422501,1
46422503,2
46422505,1
46422508,1
46422512,1
46422514,1
46442422,2
46442426,1
46442428,1
46442430,1
46442433,1
46442435,2
46442439,1
46442441,1
46442450,1
46442452,3
46442454,1
46442457,4
46442510,3
46442512,1
46442514,1
46462419,2
46462426,2
46462428,4
46462433,2
46462435,1
46462437,1
46462441,2
46462444,2
46462446,2
46462448,2
46462450,2
46462452,1
46462454,2
46462457,3
46462459,1
46462501,1
46462505,1
46462512,1
46462514,2
46482419,1
46482424,1
46482426,1
46482430,1
46482433,1
46482435,1
46482437,2
46482439,2
46482446,2
46482448,2
46482450,2
46482452,3
46482454,1
46482459,2
46482501,2
46482503,1
46482505,3
46482510,1
46482514,1
46502426,1
46502428,1
46502430,1
46502437,1
46502439,1
46502441,2
46502443,1
46502446,1
46502450,2
46502452,2
46502454,2
46502457,2
46502459,2
46502501,1
46502503,1
46502508,2
46522428,1
46522432,2
46522437,1
46522441,2
46522443,2
46522446,5
46522448,1
46522450,2
46522452,1
46522454,1
46522457,2
46522459,2
46522507,1
46522510,3
46542424,1
46542426,1
46542428,1
46542430,1
46542432,1
46542437,1
46542439,1
46542446,3
46542448,1
46542501,1
46542505,1
46542510,2
46562424,1
46562430,2
46562432,1
46562435,1
46562439,5
46562443,1
46562445,1
46562448,3
46562450,6
46562452,2
46562456,1
46562501,1
46562505,1
46562512,1
46562514,1
46582424,2
46582426,1
46582428,2
46582430,3
46582432,1
46582434,1
46582437,3
46582443,1
46582445,1
46582448,2
46582450,1
46582452,2
46582454,2
46582459,2
46602430,1
46602432,1
46602434,1
46602439,2
46602441,2
46602443,1
46602445,1
46602448,2
46602450,1
46602454,1
46602459,1
47022428,1
47022430,1
47022434,2
47022437,3
47022439,2
47022441,3
47022443,3
47022448,4
47022450,2
47022454,1
47022456,1
47042430,1
47042432,1
47042437,1
47042441,1
47042443,1
47042445,1
47042448,2
47042450,2
47042452,1
47042454,1
47042456,3
47042459,1
47062428,2
47062430,1
47062432,2
47062436,2
47062441,1
47062443,2
47062445,3
47062447,2
47062450,3
47062452,1
47062456,1
47062458,1
47062501,1
47082434,1
47082439,1
47082441,2
47082447,1
47082452,1
47082454,1
47082456,1
47102430,1
47102432,1
47102436,2
47102439,1
47102443,1
47102445,2
47102447,1
47102452,1
47102454,1
47102456,4
47102458,1
47102503,1
47122430,2
47122436,3
47122439,1
47122441,4
47122443,1
47122445,2
47122450,1
47122454,3
47122456,1
47122458,2
47122505,1
47142430,3
47142432,2
47142434,2
47142436,2
47142439,3
47142441,1
47142443,2
47142445,1
47142447,2
47142450,1
47142452,1
47142501,1
47142503,1
47142505,1
47142507,1
47162434,4
47162441,1
47162443,2
47162445,1
47162447,1
47162454,1
47162458,1
47162501,4
47162503,1
47162505,1
47162507,1
47162512,1
47182443,1
47182445,2
47182447,5
47182449,3
47182452,3
47182454,2
47182507,1
47182538,1
47202432,2
47202434,2
47202436,3
47202438,2
47202441,1
47202443,1
47202445,2
47202447,1
47202454,1
47222434,1
47222441,1
47222443,1
47222447,3
47222452,1
47222456,2
47242434,1
47242436,2
47242441,1
47242443,2
47242445,4
47242458,1
47242514,1
47242516,1
47262436,1
47262440,1
47262443,2
47262445,1
47262447,1
47262456,1
47262500,1
47262509,1
47262511,2
47262514,1
47262516,1
47282436,1
47282445,1
47282449,4
47282451,2
47282456,1
47282505,1
47282509,1
47282511,1
47282514,2
47282516,2
47282518,1
47302447,2
47302454,2
47302456,2
47302500,1
47302505,2
47302507,3
47302509,2
47302511,1
47302516,1
47302527,2
47322451,1
47322454,1
47322456,1
47322458,3
47322502,1
47322505,1
47322511,2
47322514,1
47322518,2
47322522,1
47322527,2
47322529,1
47322531,2
47342438,1
47342447,2
47342449,1
47342451,1
47342456,1
47342458,2
47342500,2
47342502,1
47342505,2
47342507,1
47342509,1
47342516,2
47342518,1
47342525,1
47342527,2
47342531,3
47362442,2
47362447,2
47362449,1
47362451,1
47362456,2
47362458,1
47362500,1
47362507,5
47362509,1
47362514,1
47362516,1
47362522,2
47362527,3
47362529,1
47362531,1
47362536,1
47382442,2
47382445,1
47382447,1
47382449,3
47382451,2
47382454,1
47382456,1
47382458,1
47382500,2
47382502,1
47382505,4
47382507,1
47382511,2
47382516,2
47382520,2
47382522,4
47382529,1
47382533,2
47382536,1
47402440,2
47402442,1
47402445,1
47402447,3
47402449,1
47402451,2
47402453,1
47402456,1
47402458,3
47402500,1
47402502,2
47402505,3
47402507,1
47402509,2
47402511,2
47402513,1
47402518,1
47402520,1
47402527,1
47402531,2
47402533,1
47402536,1
47422442,1
47422445,2
47422447,1
47422458,1
47422500,3
47422505,2
47422509,5
47422511,1
47422513,1
47422518,3
47422525,1
47422527,2
47422529,3
47422531,3
47422533,1
47422540,1
47422542,2
47422545,1
47422547,1
47442445,3
47442447,1
47442451,2
47442456,2
47442458,1
47442500,2
47442502,1
47442505,3
47442509,2
47442516,1
47442518,1
47442520,1
47442522,2
47442525,1
47442529,1
47442531,3
47442533,1
47442538,1
47442542,1
47442545,1
47462442,1
47462444,2
47462447,5
47462449,1
47462451,2
47462453,1
47462456,2
47462504,1
47462513,2
47462516,1
47462520,3
47462525,1
47462531,2
47462536,1
47462540,1
47462542,1
47482447,1
47482449,1
47482451,3
47482502,2
47482507,1
47482509,1
47482511,2
47482513,3
47482516,1
47482520,1
47482522,1
47482524,1
47482531,1
47482533,1
47482538,1
47482540,1
47482542,2
47502449,1
47502453,1
47502456,2
47502458,1
47502460,2
47502502,2
47502504,3
47502507,2
47502509,1
47502511,1
47502513,1
47502518,2
47502520,2
47502522,2
47502524,1
47502527,1
47502536,1
47502538,1
47502540,1
47522447,1
47522449,3
47522451,2
47522453,3
47522458,2
47522504,1
47522507,2
47522511,2
47522513,1
47522516,2
47522518,4
47522522,1
47522527,1
47522531,1
47522536,2
47522545,1
47542451,1
47542453,1
47542455,2
47542458,4
47542502,4
47542504,3
47542507,1
47542509,4
47542513,1
47542516,2
47542520,1
47542522,1
47542524,1
47542527,2
47542531,2
47542533,2
47542536,2
47542540,2
47542542,1
47562449,1
47562453,1
47562455,1
47562460,1
47562502,2
47562507,2
47562509,1
47562515,1
47562518,3
47562522,1
47562527,1
47562529,2
47562531,1
47562536,2
47562538,1
47562540,1
47562542,1
47562544,1
47582451,1
47582453,1
47582455,3
47582460,1
47582504,1
47582509,4
47582511,1
47582513,2
47582518,2
47582522,3
47582529,2
47582531,1
47582533,3
47582536,1
47582538,2
47582544,1
47582547,2
47602453,1
47602455,3
47602458,2
47602460,1
47602502,2
47602504,3
47602507,1
47602511,1
47602513,3
47602522,2
47602524,2
47602527,2
47602531,2
47602533,2
47602536,3
47602538,3
47602542,1
48002544,3
48022453,2
48022458,1
48022460,2
48022502,3
48022504,4
48022506,2
48022509,3
48022511,3
48022515,1
48022520,1
48022522,1
48022533,1
48022536,1
48022538,1
48022544,1
48022547,1
48022551,2
48022553,1
48042455,1
48042460,4
48042502,1
48042504,1
48042506,1
48042509,5
48042513,1
48042515,1
48042518,2
48042520,5
48042522,2
48042533,2
48042536,1
48042544,1
48042551,1
48042556,1
48042558,1
48062453,1
48062460,1
48062502,5
48062504,3
48062506,1
48062511,2
48062513,1
48062515,1
48062518,1
48062522,2
48062524,1
48062529,4
48062531,3
48062536,2
48062540,3
48062544,1
48062547,2
48062549,1
48062551,3
48082455,1
48082457,1
48082460,1
48082502,1
48082504,1
48082506,2
48082509,4
48082513,2
48082515,1
48082518,2
48082520,2
48082524,3
48082529,2
48082531,3
48082535,1
48082540,3
48082542,3
48082544,3
48082547,1
48082549,2
48102453,4
48102455,2
48102457,3
48102460,2
48102504,1
48102506,2
48102511,1
48102513,2
48102515,2
48102518,2
48102520,1
48102522,1
48102524,1
48102529,3
48102535,1
48102538,2
48102540,1
48102553,1
48102556,1
48122455,2
48122460,2
48122502,3
48122504,1
48122506,3
48122509,2
48122511,3
48122520,6
48122522,1
48122531,1
48122533,1
48122538,1
48122540,1
48122547,1
48122549,1
48142453,4
48142455,4
48142457,3
48142502,3
48142504,2
48142506,2
48142509,3
48142511,4
48142513,1
48142518,4
48142522,1
48142526,1
48142529,4
48142531,1
48142533,2
48142538,1
48142540,1
48162455,2
48162457,5
48162502,1
48162506,2
48162509,2
48162513,2
48162517,2
48162520,1
48162533,1
48162535,2
48182453,1
48182455,3
48182457,1
48182460,3
48182502,2
48182504,3
48182506,1
48182508,1
48182511,1
48182513,3
48182515,3
48182517,1
48182524,2
48182526,1
48202453,2
48202457,1
48202459,2
48202502,1
48202504,2
48202508,1
48202513,1
48202515,2
48202517,2
48202520,1
48222446,2
48222448,2
48222450,4
48222453,1
48222459,1
48222502,3
48222504,2
48222506,1
48222508,1
48222511,1
48222513,1
48242448,1
48242450,2
48242453,1
48242455,3
48242511,2
48242513,1
48262446,1
48262450,3
48262455,2
48262459,3
48262504,2
48262511,2
48282450,1
